{
  "churn_threshold": 0.19068136272545091,
  "crosssell_threshold": 0.33993987975951906
}