{
  "churn_threshold": 0.19264529058116234,
  "crosssell_threshold": 0.33993987975951906
}